{
 "nDelOpen": 9.67009e-18,
 "nTanDup": 1,
 "nNoGap": 29,
 "nDelExtend": 1.01178e-19,
 "nDelEnd": 9.67009e-18,
 "nLen": [ 9.88818e-18, 4.17182e-19, 1 ],
 "nSub": [ [7,4.54515e-29,9.09091e-10,4.54545e-11], [3.0453e-29,7,6.42769e-29,3.0303e-19], [1.5e-27,4.13223e-20,8,9.18319e-29], [7.5603e-29,4.13223e-20,1.51515e-20,10] ],
 "nMatch": 32,
 "nTransition": 9.09091e-10,
 "nTransversion": 4.54545e-11
}
