{
 "nDelOpen": 2.56235e-10,
 "nTanDup": 1.25882,
 "nNoGap": 29,
 "nDelExtend": 1.01178e-19,
 "nDelEnd": 2.56235e-10,
 "nLen": [ 0.258824, 0.258824, 0.741176 ],
 "nSub": [ [7,0.0352941,6.41711e-10,6.48618e-29], [3.0453e-29,7.25882,7.3732e-21,2.14101e-27], [1.5e-27,1.17647e-11,8,9.05229e-29], [8.72452e-29,0.705882,1.17647e-11,9] ],
 "nMatch": 31.2588,
 "nTransition": 0.705882,
 "nTransversion": 0.0352941
}
