{
 "pDelOpen": 0.25,
 "pDelExtend": 0.5,
 "pTanDup": 0.25,
 "pTransition": 0.235294,
 "pTransversion": 0.470588,
 "pLen": [ 0.166667, 0.166667, 0.166667, 0.166667, 0.166667, 0.166667 ],
 "local": true
}
